{
    "test_loss": 1.484964804649353,
    "test_acc": 0.4,
    "test_auc": 0.6726419789513052
}