{
    "test_loss": 1.5691720676422118,
    "test_acc": 0.3875,
    "test_auc": 0.6193452544392216
}