{"train_loss": [1.6120341636516429, 1.602146542513812, 1.5860793979079635, 1.5757187004442568, 1.5685065507888794, 1.5588496322985048, 1.549942738921554, 1.5460332782180222, 1.5433677125860144, 1.5336236432746604, 1.527252322656137, 1.519205633799235, 1.5164106527964274, 1.511553277792754, 1.5053711281882391, 1.5079406959039194, 1.5038294695041798, 1.5036099372086702, 1.4910018338097466, 1.4882582558525934, 1.486139358414544, 1.4841745526702315, 1.4767235764750728, 1.4753522369596692, 1.4724113914701673, 1.474288832699811, 1.4704010177541662, 1.4735930486961648, 1.4709383143319024, 1.4650676771446511], "train_acc": [0.07962962962962963, 0.14351851851851852, 0.2833333333333333, 0.33055555555555555, 0.33611111111111114, 0.3648148148148148, 0.35648148148148145, 0.36574074074074076, 0.3537037037037037, 0.38425925925925924, 0.37777777777777777, 0.3787037037037037, 0.39444444444444443, 0.39814814814814814, 0.4111111111111111, 0.39351851851851855, 0.41574074074074074, 0.3990740740740741, 0.41388888888888886, 0.4074074074074074, 0.42592592592592593, 0.44074074074074077, 0.4324074074074074, 0.4324074074074074, 0.44166666666666665, 0.4212962962962963, 0.4361111111111111, 0.42777777777777776, 0.43333333333333335, 0.4361111111111111], "train_auc": [0.5662358078165598, 0.5821233812371571, 0.6103127730155723, 0.6225111374927417, 0.6280333734370908, 0.634774931159076, 0.6411221996111913, 0.6427065689476341, 0.6460883854350405, 0.6573943951281298, 0.6691965944423311, 0.668909929971028, 0.6742126991205932, 0.6752618252447815, 0.6878384832017537, 0.6718864151506875, 0.6855226917362464, 0.6802566729482882, 0.6959627814706437, 0.6960930926106667, 0.7075064344636874, 0.7073972808398337, 0.710318462993133, 0.7148089254157848, 0.7198900157662436, 0.7123730406601159, 0.7150905814873652, 0.7159999376078787, 0.7144648204214082, 0.7214953421701356], "val_loss": [1.6198479970296225, 1.6057950019836427, 1.5859284083048502, 1.5739505132039389, 1.5586318492889404, 1.548556423187256, 1.5374303817749024, 1.5367097934087117, 1.5197840690612794, 1.5184818983078003, 1.520122766494751, 1.5020246982574463, 1.5103387594223023, 1.4846378167470295, 1.5247711340586345, 1.4888516505559286, 1.5003751277923585, 1.503885285059611, 1.4828046480814616, 1.4946184237798055, 1.5045180559158324, 1.4906810442606608, 1.4945992469787597, 1.486216417948405, 1.4798014640808106, 1.4850181659062704, 1.4875889539718627, 1.4812342325846355, 1.4797858953475953, 1.474504566192627], "val_acc": [0.06666666666666667, 0.30833333333333335, 0.3416666666666667, 0.38333333333333336, 0.36666666666666664, 0.39166666666666666, 0.38333333333333336, 0.35833333333333334, 0.375, 0.4083333333333333, 0.4, 0.425, 0.4083333333333333, 0.43333333333333335, 0.44166666666666665, 0.425, 0.375, 0.44166666666666665, 0.45, 0.425, 0.375, 0.4, 0.36666666666666664, 0.425, 0.45, 0.4083333333333333, 0.4583333333333333, 0.43333333333333335, 0.43333333333333335, 0.44166666666666665], "val_auc": [0.607415853386944, 0.6222738741525164, 0.6594724886803454, 0.6918293432307162, 0.6864141043576588, 0.6977063672943153, 0.7094206053121385, 0.69989406182709, 0.7163043830114006, 0.7120821478010647, 0.7160399697090771, 0.7079803259429499, 0.7013209441404713, 0.7154092546547162, 0.7036984813446294, 0.69354332199992, 0.6874521452951659, 0.6760672513519195, 0.6958274124045292, 0.6943045292194034, 0.674052300712255, 0.6955664017311614, 0.681901711055563, 0.6949347860208273, 0.7046709126057715, 0.6973719165429311, 0.6964076940264583, 0.7006891340120174, 0.7018241228895692, 0.7056048750554471]}