{
    "test_loss": 1.3086771440505982,
    "test_acc": 0.49,
    "test_auc": 0.6773037709068392
}