{"train_loss": [1.527376158149154, 1.396275073510629, 1.361880123173749, 1.349410601898476, 1.3364656333570126, 1.3290453495802703, 1.3330363308941877, 1.3163698275883993, 1.3169836777227897, 1.3149687316682603, 1.3031693352593317, 1.2923024892807007, 1.2940636731960156, 1.2781765902483906, 1.280665886843646, 1.2648977279663085, 1.2681510360152632, 1.2586908278641877, 1.264259162655583, 1.2504071412263094, 1.2589357985390557, 1.241268629497952, 1.2263628836031313, 1.234872450651946, 1.232700366444058, 1.2168724210173996, 1.2305537550537675, 1.227815361376162, 1.2287950374461987, 1.2135468023794669, 1.2033439300678395, 1.1976181180388838, 1.202664197815789, 1.1962350757033737, 1.2006208896636963], "train_acc": [0.3648148148148148, 0.44351851851851853, 0.4388888888888889, 0.4462962962962963, 0.45555555555555555, 0.4638888888888889, 0.46296296296296297, 0.4685185185185185, 0.46944444444444444, 0.46574074074074073, 0.4861111111111111, 0.4685185185185185, 0.4685185185185185, 0.48703703703703705, 0.4777777777777778, 0.49444444444444446, 0.4861111111111111, 0.4842592592592593, 0.5027777777777778, 0.49166666666666664, 0.4898148148148148, 0.4962962962962963, 0.512962962962963, 0.5055555555555555, 0.5009259259259259, 0.5064814814814815, 0.4962962962962963, 0.524074074074074, 0.48703703703703705, 0.5120370370370371, 0.5092592592592593, 0.5222222222222223, 0.5222222222222223, 0.5194444444444445, 0.5222222222222223], "train_auc": [0.5894164206502653, 0.5988154193813934, 0.6265779096169715, 0.6236879032487688, 0.6359400488745723, 0.6437673779312458, 0.6403549991289917, 0.6649124697319349, 0.6540918439785308, 0.6614018100538862, 0.677026163750438, 0.6771911588997102, 0.6807376479399081, 0.6894700456799316, 0.6860787989581223, 0.7022387952067548, 0.6978754671229408, 0.7093469822391136, 0.7073937095529745, 0.7076141426111112, 0.7104035531751705, 0.7199884247124603, 0.7255572338540244, 0.7169552125317773, 0.7210745376186415, 0.7313894713983801, 0.7271133971986761, 0.7281064741921714, 0.7298295994939981, 0.7409245608591976, 0.7418982524204034, 0.7485728147788109, 0.7480491200385686, 0.74733913498099, 0.7481838623359285], "val_loss": [1.602734088897705, 1.649017572402954, 1.7171694040298462, 1.7403984069824219, 1.715131402015686, 1.642937421798706, 1.554667353630066, 1.469058632850647, 1.352043867111206, 1.3017722368240356, 1.3040878772735596, 1.2587121725082397, 1.2589778900146484, 1.2619850635528564, 1.2385634183883667, 1.3212666511535645, 1.2361068725585938, 1.3029379844665527, 1.2351951599121094, 1.235124111175537, 1.2818852663040161, 1.2392722368240356, 1.2183499336242676, 1.2268306016921997, 1.2179800271987915, 1.232990026473999, 1.281937837600708, 1.2174354791641235, 1.233994722366333, 1.1930357217788696, 1.2254908084869385, 1.2001737356185913, 1.2873173952102661, 1.2324618101119995, 1.191602349281311], "val_acc": [0.16666666666666666, 0.16666666666666666, 0.16666666666666666, 0.16666666666666666, 0.16666666666666666, 0.16666666666666666, 0.3416666666666667, 0.4583333333333333, 0.4083333333333333, 0.425, 0.43333333333333335, 0.43333333333333335, 0.43333333333333335, 0.4166666666666667, 0.4166666666666667, 0.4583333333333333, 0.4583333333333333, 0.475, 0.425, 0.48333333333333334, 0.44166666666666665, 0.48333333333333334, 0.425, 0.5, 0.4666666666666667, 0.4666666666666667, 0.48333333333333334, 0.45, 0.44166666666666665, 0.5083333333333333, 0.49166666666666664, 0.45, 0.5333333333333333, 0.5416666666666666, 0.48333333333333334], "val_auc": [0.5667572675283582, 0.5891393092047935, 0.6248336570455564, 0.6181822162454885, 0.6658690026559592, 0.6747475117672677, 0.6730976544714149, 0.6730228026881726, 0.6860927465420982, 0.6885690218079235, 0.7128331811816174, 0.6966297224175942, 0.7115194124969869, 0.7154304536777458, 0.7159856015753041, 0.7335052307243003, 0.7335428574730635, 0.7064534813097743, 0.7248144144947348, 0.7216069224077615, 0.7308478826256095, 0.7211784368328228, 0.738756054350486, 0.7450043408917552, 0.7532654315117321, 0.7398109153721663, 0.7435000922743105, 0.7348345553900856, 0.746834351102467, 0.752184671274145, 0.7489759283290939, 0.7527922000873947, 0.7408276294968132, 0.7504263015539141, 0.7476130547786537]}