{"train_loss": [1.6304424550798204, 1.604024248652988, 1.5797213307133426, 1.5631385679598209, 1.551478879540055, 1.5348170324608132, 1.5326259383448848, 1.5010058809209752, 1.5021537259772972, 1.487860569247493, 1.4749406072828504, 1.4871480509086892, 1.4503351052602131, 1.4419370103765417, 1.4585695257893314, 1.42933966671979, 1.4301035819230257, 1.418664468659295, 1.425986651138023, 1.4005737039777968, 1.4162311571615713, 1.415072872903612, 1.3880175281454015, 1.377777796321445, 1.3792343060175578, 1.3990551021364, 1.3676574892467923, 1.3658812831949305, 1.369934712515937, 1.3633649984995524, 1.3471819550902755, 1.3401940601843374, 1.34731832963449, 1.3287830847280997, 1.3487071717226946, 1.315176992063169, 1.3297119352552627, 1.3293219751781888, 1.338417782606902, 1.3255170274663854], "train_acc": [0.16111111111111112, 0.31666666666666665, 0.3296296296296296, 0.34629629629629627, 0.3537037037037037, 0.38981481481481484, 0.44074074074074077, 0.4425925925925926, 0.43333333333333335, 0.4425925925925926, 0.4527777777777778, 0.42962962962962964, 0.45185185185185184, 0.45555555555555555, 0.4527777777777778, 0.4648148148148148, 0.4546296296296296, 0.4462962962962963, 0.4546296296296296, 0.4703703703703704, 0.46296296296296297, 0.4361111111111111, 0.462037037037037, 0.4722222222222222, 0.4601851851851852, 0.44722222222222224, 0.45740740740740743, 0.46574074074074073, 0.475, 0.462037037037037, 0.4759259259259259, 0.4759259259259259, 0.4787037037037037, 0.47314814814814815, 0.47685185185185186, 0.4759259259259259, 0.49537037037037035, 0.48703703703703705, 0.4824074074074074, 0.4703703703703704], "train_auc": [0.5194333602424032, 0.6204470368229386, 0.6550455007692417, 0.6780508556123838, 0.682703445902234, 0.6903738173606749, 0.6909185201475562, 0.7196256160004516, 0.6951475912285787, 0.7108030520542885, 0.7165191270356613, 0.694392809947994, 0.7173434132994292, 0.7162722994897183, 0.7106876814198773, 0.728054270430976, 0.7277227916899216, 0.7347277060037533, 0.7283764877750438, 0.741450100158511, 0.7328954723020341, 0.7301631632237416, 0.7459079153852052, 0.7574405431600345, 0.7520534837032323, 0.7274334912730971, 0.7528511110535101, 0.7540994214439586, 0.7571692934500914, 0.7526665555208301, 0.7594694246881541, 0.7641424715059243, 0.7583608313186778, 0.7638702499113897, 0.7550908996926309, 0.7769308884881234, 0.7710140123348362, 0.7635581644661285, 0.7662114395261762, 0.767963686554233], "val_loss": [1.601807419459025, 1.5799619515736898, 1.5636317094167074, 1.5459994236628214, 1.5367836236953736, 1.5551353534062704, 1.5090038537979127, 1.5019701401392618, 1.4948791901270548, 1.4833182175954183, 1.5033401568730673, 1.4641092697779337, 1.4604283889134726, 1.454000989596049, 1.4501884698867797, 1.4692818959554037, 1.4572609821955362, 1.4270349502563477, 1.4525532484054566, 1.4334036747614542, 1.4140947898228964, 1.4126343886057535, 1.3951234340667724, 1.4091462294260662, 1.3630032380421957, 1.369021765391032, 1.411692476272583, 1.3773747523625692, 1.4169817447662354, 1.3914955139160157, 1.3814036846160889, 1.3733266830444335, 1.388050945599874, 1.3676464875539145, 1.3764110724131267, 1.3608192523320517, 1.373032776514689, 1.3638492027918498, 1.3593673944473266, 1.37721532980601], "val_acc": [0.31666666666666665, 0.325, 0.325, 0.3333333333333333, 0.35833333333333334, 0.38333333333333336, 0.4083333333333333, 0.38333333333333336, 0.4, 0.38333333333333336, 0.425, 0.4583333333333333, 0.475, 0.475, 0.4583333333333333, 0.4583333333333333, 0.475, 0.44166666666666665, 0.4083333333333333, 0.38333333333333336, 0.44166666666666665, 0.425, 0.425, 0.4166666666666667, 0.4583333333333333, 0.425, 0.4166666666666667, 0.45, 0.43333333333333335, 0.4166666666666667, 0.4166666666666667, 0.44166666666666665, 0.43333333333333335, 0.44166666666666665, 0.45, 0.4583333333333333, 0.4583333333333333, 0.45, 0.44166666666666665, 0.44166666666666665], "val_auc": [0.6473787656815879, 0.6700612348834317, 0.6865801153447226, 0.6896880219873356, 0.6963768212435641, 0.6381660940889773, 0.7307800996782691, 0.7144496930732628, 0.7050668042893061, 0.7052518346811253, 0.6997865962666878, 0.7098954041523072, 0.6999377663526405, 0.7293793323155642, 0.7236300598150331, 0.7092648612087972, 0.7049664657911797, 0.7064769012635527, 0.69193437836283, 0.7182199778835171, 0.7311763205774648, 0.7414567842531229, 0.7359238272815694, 0.7304223300896071, 0.7598412243094927, 0.751680274540839, 0.7221308498152129, 0.7607422970396274, 0.7164675933722463, 0.7381153784769345, 0.7435525360025742, 0.7448517640169813, 0.7366745643570206, 0.7476767726665514, 0.7426753874512075, 0.7505758546564039, 0.7437639525911838, 0.7385434202913228, 0.752254531842709, 0.7469505093431866]}